Index,Prot,Gene,PP2,SIFT,Consurf,MA,PROVEAN,FATHMM,CONDEL,REVEL,CADD,DiscovEHR,Functional_status,PP2.908,SIFT.05,Consurf.5,MA.3.5,PROVEAN.-2.5,FATHMM.0,CONDEL.0.5,REVEL.0.5,CADD.25,DiscovEHR_LF,ConsensusEHR,Consensus
8,p.G11D,PPOX,1,0,5,4.335,-6.649,-8.5,0.752539696,0.975,31,NA,undetermined,1,1,0,1,1,1,1,1,1,1,9,8
9,p.A69T,PPOX,0.951,0.58,1,1.385,-0.508,-3.08,0.542435708,0.377,23.9,NA,undetermined,1,0,0,0,0,1,1,0,0,1,4,3
10,p.G11S,PPOX,1,0,5,3.505,-5.699,-8.48,0.741714241,0.955,27.9,NA,undetermined,1,1,0,1,1,1,1,1,1,1,9,8
11,p.I12T,PPOX,1,0,5,3.245,-4.271,-4.24,0.665890344,0.896,28.8,NA,undetermined,1,1,0,0,1,1,1,1,1,1,8,7
12,p.L15F,PPOX,1,0,5,3.6,-3.799,-5.13,0.687846308,0.942,26.6,NA,undetermined,1,1,0,1,1,1,1,1,1,1,9,8
13,p.H20P,PPOX,0.874,0.06,6,2.295,-4.793,-3.99,0.593185247,0.906,27.8,NA,undetermined,0,0,1,0,1,1,1,1,1,1,7,6
15,p.E34V,PPOX,1,0,3,3.625,-6.707,-6.17,0.700721619,0.969,32,NA,undetermined,1,1,0,1,1,1,1,1,1,1,9,8
16,p.R38P,PPOX,1,0.01,4,3.575,-6.515,-3.95,0.670950386,0.782,31,AF_LT_001,undetermined,1,1,0,1,1,1,1,1,1,0,8,8
17,p.G40A,PPOX,1,0,7,3.64,-5.899,-8.22,0.743443323,0.934,26.1,NA,undetermined,1,1,1,1,1,1,1,1,1,1,10,9
18,p.G40E,PPOX,1,0,7,3.64,-7.865,-8.22,0.743443323,0.934,27.3,NA,undetermined,1,1,1,1,1,1,1,1,1,1,10,9
20,p.G57R,PPOX,1,0,1,3.635,-7.865,-5.5,0.693145635,0.992,29.9,NA,undetermined,1,1,0,1,1,1,1,1,1,1,9,8
21,p.R59W,PPOX,1,0.01,5,3.6,-7.665,-3.05,0.672368678,0.813,32,NA,undetermined,1,1,0,1,1,1,1,1,1,1,9,8
22,p.L73P,PPOX,0.997,0.33,9,1.5,0.343,-3.27,0.529116106,0.494,23.9,NA,undetermined,1,0,1,0,0,1,1,0,0,1,5,4
23,p.L74P,PPOX,1,0,1,2.885,-5.769,-5,0.641050533,0.807,33,NA,undetermined,1,1,0,0,1,1,1,1,1,1,8,7
24,p.S76F,PPOX,0.999,0.15,1,1.74,-3.546,-3.01,0.540731915,0.665,27.7,NA,undetermined,1,0,0,0,1,1,1,1,1,1,7,6
25,p.V84G,PPOX,0.999,0,7,2.395,-6.168,-4.04,0.564828201,0.84,25.9,NA,undetermined,1,1,1,0,1,1,1,1,1,1,9,8
26,p.L85P,PPOX,1,0,6,2.965,-3.705,-2.99,0.616809249,0.857,28,NA,undetermined,1,1,1,0,1,1,1,1,1,1,9,8
27,p.H106P,PPOX,1,0.09,2,3.02,-7.307,-3.91,0.62598621,0.9,23.6,NA,undetermined,1,0,0,0,1,1,1,1,0,1,6,5
30,p.R138P,PPOX,0.003,0.4,9,1.285,-2.791,-3,0.543819569,0.407,21.5,NA,undetermined,0,0,1,0,1,1,1,0,0,1,5,4
31,p.G139D,PPOX,0.992,0.57,5,1.885,-0.634,-2.99,0.544531782,0.65,26.6,AF_LT_001,undetermined,1,0,0,0,0,1,1,1,1,0,5,5
32,p.D143V,PPOX,1,0,8,3.6,-7.596,-4.12,0.677924419,0.941,29.2,NA,undetermined,1,1,1,1,1,1,1,1,1,1,10,9
34,p.R152C,PPOX,1,0,9,3.595,-7.212,-3.11,0.684522877,0.815,32,NA,undetermined,1,1,1,1,1,1,1,1,1,1,10,9
35,p.L154P,PPOX,1,0,9,2.865,-4.77,-4.07,0.632253413,0.903,29.7,NA,undetermined,1,1,1,0,1,1,1,1,1,1,9,8
36,p.V158L,PPOX,0.009,0.46,7,-0.385,-0.316,-2.94,0.492907782,0.678,23.5,NA,undetermined,0,0,1,0,0,1,0,1,0,1,4,3
37,p.V158M,PPOX,0.92,0.09,7,0.995,-0.949,-3.14,0.565224944,0.678,28,NA,undetermined,1,0,1,0,0,1,1,1,1,1,7,6
38,p.R168C,PPOX,1,0.25,9,1.44,1.021,-3.12,0.534670437,0.718,28.4,NA,undetermined,1,0,1,0,0,1,1,1,1,1,7,6
39,p.R168H,PPOX,1,0.74,9,1.235,-2.654,-3.08,0.522441815,0.834,31,NA,undetermined,1,0,1,0,1,1,1,1,1,1,8,7
40,p.G169E,PPOX,1,0,9,3.64,-7.979,-2.96,0.695578275,0.943,27.6,NA,undetermined,1,1,1,1,1,1,1,1,1,1,10,9
41,p.A172V,PPOX,1,0,9,3.595,-3.889,-4.13,0.671455067,0.963,31,NA,undetermined,1,1,1,1,1,1,1,1,1,1,10,9
42,p.L178R,PPOX,1,0,5,3.485,-5.551,-2.96,0.680706975,0.937,28,NA,undetermined,1,1,0,0,1,1,1,1,1,1,8,7
43,p.L178V,PPOX,1,0,5,3.485,-1.259,-3.02,0.679968948,0.638,25.2,AF_LT_001,undetermined,1,1,0,0,0,1,1,1,1,0,6,6
47,p.A205V,PPOX,0.053,0.11,2,0.935,-0.663,-3.19,0.52927804,0.353,32,NA,undetermined,0,0,0,0,0,1,1,0,1,1,4,3
48,p.R217C,PPOX,0.996,0.06,7,2.045,-4.109,-3.02,0.545581079,0.028,29.6,AF_LT_001,undetermined,1,0,1,0,1,1,1,0,1,0,6,6
49,p.W224R,PPOX,1,0.35,9,2.995,-13.306,-2.9,0.604412794,0.792,28.6,NA,undetermined,1,0,1,0,1,1,1,1,1,1,8,7
50,p.W224G,PPOX,1,0.62,9,2.995,-12.477,-2.79,0.540307333,0.792,29.8,NA,undetermined,1,0,1,0,1,1,1,1,1,1,8,7
52,p.G232R,PPOX,1,0,9,3.605,-7.972,-4.77,0.688079196,0.962,28.1,NA,undetermined,1,1,1,1,1,1,1,1,1,1,10,9
53,p.G232S,PPOX,1,0,9,3.605,-5.979,-4.75,0.647424742,0.962,27.3,NA,undetermined,1,1,1,1,1,1,1,1,1,1,10,9
54,p.L236S,PPOX,1,0,1,3.46,-5.312,-4.43,0.67520406,0.143,24,NA,undetermined,1,1,0,0,1,1,1,0,0,1,6,5
57,p.K269N,PPOX,0.941,0.48,3,2.015,-1.723,-3.09,0.544379831,0.687,34,NA,undetermined,1,0,0,0,0,1,1,1,1,1,6,5
58,p.V282D,PPOX,0.999,0,8,2.96,-6.216,-4.37,0.637504804,0.436,25.5,NA,undetermined,1,1,1,0,1,1,1,0,1,1,8,7
59,p.I283N,PPOX,1,0,9,3.325,-6.16,-3.79,0.653046338,0.877,27.8,NA,undetermined,1,1,1,0,1,1,1,1,1,1,9,8
60,p.S284I,PPOX,1,0.78,9,3.455,-5.231,-3.03,0.633258975,0.693,29.2,NA,undetermined,1,0,1,0,1,1,1,1,1,1,8,7
61,p.V290M,PPOX,0.479,0.11,7,1.7,-0.266,-3.57,0.553512747,0.637,35,NA,undetermined,0,0,1,0,0,1,1,1,1,1,6,5
62,p.L295P,PPOX,1,0.01,9,3.39,-5.597,-4.37,0.665253117,0.904,28.8,NA,undetermined,1,1,1,0,1,1,1,1,1,1,9,8
63,p.L306P,PPOX,1,0.03,6,3.515,-6.948,-3.06,0.629889139,0.885,26.1,NA,undetermined,1,1,1,1,1,1,1,1,1,1,10,9
64,p.G330R,PPOX,1,0.01,1,3.565,-5.354,-4.14,0.677887225,0.915,33,NA,undetermined,1,1,0,1,1,1,1,1,1,1,9,8
65,p.G332A,PPOX,0.999,0.01,4,3.605,-5.823,-6.62,0.707607829,0.472,28,NA,undetermined,1,1,0,1,1,1,1,0,1,1,8,7
66,p.V335G,PPOX,1,0,3,2.98,-6.821,-3.64,0.636296686,0.388,32,NA,undetermined,1,1,0,0,1,1,1,0,1,1,7,6
68,p.E339K,PPOX,0.996,0.07,6,3.31,-3.31,-3.6,0.622505747,0.91,32,NA,undetermined,1,0,1,0,1,1,1,1,1,1,8,7
69,p.Y348C,PPOX,1,0,NA,2.8,-6.618,-3.54,0.598662115,0.821,28.6,NA,undetermined,1,1,1,0,1,1,1,1,1,1,9,8
70,p.D349A,PPOX,1,0.57,NA,2.615,-7.836,-3.21,0.546061342,0.775,28.2,NA,undetermined,1,0,1,0,1,1,1,1,1,1,8,7
71,p.S350P,PPOX,1,0,NA,3.595,-4.908,-3.92,0.67637236,0.717,28,NA,undetermined,1,1,1,1,1,1,1,1,1,1,10,9
72,p.G358R,PPOX,0.508,0.6,NA,-0.74,1.155,-3.37,0.432773616,0.48,22.4,NA,undetermined,0,0,1,0,0,1,0,0,0,1,3,2
75,p.A397D,PPOX,0.997,0,NA,1.1,-2.915,-3.92,0.556366513,0.776,22.2,NA,undetermined,1,1,1,0,1,1,1,1,0,1,8,7
76,p.L401F,PPOX,1,0,NA,3.225,-3.76,-4.65,0.67440663,0.871,24.6,NA,undetermined,1,1,1,0,1,1,1,1,0,1,8,7
77,p.C418R,PPOX,0.996,0.01,NA,3.48,-11.371,-3.8,0.623036455,0.607,29.2,NA,undetermined,1,1,1,0,1,1,1,1,1,1,9,8
78,p.P420R,PPOX,1,0,NA,3.6,-8.591,-5.61,0.691080928,0.949,29.4,AF_LT_001,undetermined,1,1,1,1,1,1,1,1,1,0,9,9
79,p.Y422C,PPOX,1,0,NA,3.555,-8.776,-3.09,0.685517699,0.667,31,NA,undetermined,1,1,1,1,1,1,1,1,1,1,10,9
82,p.A433P,PPOX,0.005,0,NA,1.845,-2.125,-4.59,0.569808687,0.397,21.8,NA,undetermined,0,1,1,0,0,1,1,0,0,1,5,4
84,p.L444P,PPOX,1,0,NA,3.495,-6.422,-3.6,0.677825447,0.949,26.6,NA,undetermined,1,1,1,0,1,1,1,1,1,1,9,8
85,p.G448R,PPOX,1,0,NA,3.64,-7.865,-7.86,0.735408655,0.979,32,NA,undetermined,1,1,1,1,1,1,1,1,1,1,10,9
86,p.S450P,PPOX,1,0.11,NA,3.34,-4.602,-3.13,0.645277807,0.858,28.6,NA,undetermined,1,0,1,0,1,1,1,1,1,1,8,7
89,p.G453V,PPOX,1,0,NA,3.63,-8.562,-4.29,0.684299524,0.946,29.4,NA,undetermined,1,1,1,1,1,1,1,1,1,1,10,9
90,p.C459Y,PPOX,1,0,NA,3.135,-5.015,-3.12,0.654752738,0.897,27.1,NA,undetermined,1,1,1,0,1,1,1,1,1,1,9,8
91,p.P256R,PPOX,0.788,0.56,6,2.065,-1.554,-2.89,0.53446682,0.481,23,AF=0.00974197,undetermined,0,0,1,0,0,1,1,0,0,0,3,3
92,p.N272H,CPOX,0.759,0.41,2,1.59,-1.534,-3.08,0.458042976,0.364,22.7,AF=0.141444,undetermined,0,0,0,0,0,1,0,0,0,0,1,1
93,p.C319R,CPOX,1,0,9,4.625,-11.6,-3.59,0.783075881,0.949,32,NA,undetermined,1,1,1,1,1,1,1,1,1,1,10,9
95,p.L88Q,CPOX,0.769,NA,3,1.995,-0.574,NA,NA,0.657,21.1,NA,undetermined,0,0,0,0,0,0,1,1,0,1,3,2
97,p.R126C,CPOX,0.999,0.16,2,1.995,-1.527,-3.36,0.54974649,0.741,26.2,AF_LT_001,undetermined,1,0,0,0,0,1,1,1,1,0,5,5
98,p.P134H,CPOX,1,0,9,2.045,-8.169,-3.48,0.562799013,0.677,24.7,NA,undetermined,1,1,1,0,1,1,1,1,0,1,8,7
99,p.V135A,CPOX,0.989,0,8,2.045,-3.442,-3.54,0.553328297,0.833,24.7,AF_LT_001,undetermined,1,1,1,0,1,1,1,1,0,0,7,7
100,p.W181L,CPOX,1,,1,4.61,-12.31,,,0.812,32,NA,undetermined,1,1,0,1,1,0,0,1,1,1,7,6
101,p.G189S,CPOX,1,0,9,4.695,-5.975,-5.4,0.756238234,0.959,30,AF_LT_001,undetermined,1,1,1,1,1,1,1,1,1,0,9,9
102,p.G197W,CPOX,1,0,4,4.66,-7.967,-4.83,0.754758808,0.94,31,NA,undetermined,1,1,0,1,1,1,1,1,1,1,9,8
103,p.E201K,CPOX,1,,1,4.69,-3.983,,,0.931,31,NA,undetermined,1,1,0,1,1,0,0,1,1,1,7,6
104,p.V205L,CPOX,0.994,0,2,3.91,-2.987,-3.8,0.780881492,0.934,27.2,AF_LT_001,undetermined,1,1,0,1,1,1,1,1,1,0,8,8
105,p.S208F,CPOX,1,0,9,4.695,-5.975,-4.22,0.778539384,0.968,29.7,NA,undetermined,1,1,1,1,1,1,1,1,1,1,10,9
106,p.L214R,CPOX,1,0,9,2.705,-5.975,-3.32,0.644367241,0.977,31,NA,undetermined,1,1,1,0,1,1,1,1,1,1,9,8
108,p.G242C,CPOX,1,0,3,4.69,-9,-4.64,0.738708664,0.984,28.8,NA,undetermined,1,1,0,1,1,1,1,1,1,1,9,8
109,p.S245F,CPOX,1,0.03,6,2.675,-4.467,-3.18,0.659005122,0.944,25.5,NA,undetermined,1,1,1,0,1,1,1,1,1,1,9,8
110,p.P249R,CPOX,1,NA,7,4.61,-9,NA,NA,0.958,27.2,AF_LT_001,undetermined,1,0,1,1,1,0,1,1,1,0,7,7
111,p.P249S,CPOX,1,0,7,3.455,-8,-3.72,0.713855849,0.977,27,NA,undetermined,1,1,1,0,1,1,1,1,1,1,9,8
112,p.W275R,CPOX,1,0.02,1,2.975,-12.167,-3.28,0.661365079,0.925,29.9,NA,undetermined,1,1,0,0,1,1,1,1,1,1,8,7
113,p.G279R,CPOX,1,NA,4,4.7,-7.6,NA,NA,0.967,29.1,NA,undetermined,1,0,0,1,1,0,1,1,1,1,7,6
114,p.G280R,CPOX,0.999,,9,4.695,-7.678,,,0.96,32,NA,undetermined,1,1,1,1,1,0,0,1,1,1,8,7
115,p.P285L,CPOX,1,0,8,4.705,-9.6,-4.79,0.779390907,0.966,32,NA,undetermined,1,1,1,1,1,1,1,1,1,1,10,9
116,p.T286K,CPOX,0.995,0.27,9,2.69,-1.648,-3.1,0.541816051,0.33,24.4,NA,undetermined,1,0,1,0,0,1,1,0,0,1,5,4
117,p.A293P,CPOX,1,NA,9,3.82,-3.942,NA,NA,0.806,31,AF_LT_001,undetermined,1,0,1,1,1,0,1,1,1,0,7,7
118,p.H295D,CPOX,0.997,NA,9,2.76,-8.447,NA,NA,0.823,27.4,NA,undetermined,1,0,1,0,1,0,1,1,1,1,7,6
119,p.L300P,CPOX,1,0,7,4,-6.767,-3.3,0.742514014,0.936,28,NA,undetermined,1,1,1,1,1,1,1,1,1,1,10,9
121,p.L311P,CPOX,0.993,0.02,9,2.42,-3.13,-3.27,0.566387587,0.664,27.1,NA,undetermined,1,1,1,0,1,1,1,1,1,1,9,8
122,p.R328C,CPOX,1,0,4,4.69,-7.733,-4.21,0.756496872,0.976,32,NA,undetermined,1,1,0,1,1,1,1,1,1,1,9,8
123,p.R331W,CPOX,1,NA,9,3.165,-4.905,NA,NA,0.876,29,NA,undetermined,1,0,1,0,1,0,1,1,1,1,7,6
124,p.R332Q,CPOX,1,0,4,4.695,-3.867,-4.51,0.779604284,0.97,32,AF_LT_001,undetermined,1,1,0,1,1,1,1,1,1,0,8,8
125,p.Q355R,CPOX,0,0,NA,0.165,-0.529,-3.27,0.658600804,0.511,22.4,NA,undetermined,0,1,1,0,0,1,1,1,0,1,6,5
127,p.P367A,CPOX,0.991,NA,NA,2.675,-7.733,NA,NA,0.875,25.5,NA,undetermined,1,0,1,0,1,0,1,1,1,1,7,6
129,p.Y392C,CPOX,1,0,NA,4.7,-8.687,-4.59,0.779309364,0.931,28.8,NA,undetermined,1,1,1,1,1,1,1,1,1,1,10,9
130,p.L398P,CPOX,0.984,0,NA,3.185,-4.334,-3.41,0.643810282,0.883,28.9,NA,undetermined,1,1,1,0,1,1,1,1,1,1,9,8
131,p.W427R,CPOX,1,0,NA,4.325,-13.513,-4.28,0.779477275,0.963,32,NA,undetermined,1,1,1,1,1,1,1,1,1,1,10,9
133,p.H431L,CPOX,0.875,NA,NA,2.885,-9.559,NA,NA,0.838,29.2,AF_LT_001,undetermined,0,0,1,0,1,0,1,1,1,0,5,5
134,p.L288W,CPOX,1,0,9,3.955,-5.675,-3.26,0.706813552,0.818,27.9,NA,undetermined,1,1,1,1,1,1,1,1,1,1,10,9
135,p.Q162P,CPOX,0.079,0.35,1,2.635,-2.172,-3.1,0.453505676,0.397,24,NA,undetermined,0,0,0,0,0,1,0,0,0,1,2,1
136,p.D171N,CPOX,0.326,0,9,4.025,-2.794,-3.54,0.737572392,0.922,29,NA,undetermined,0,1,1,1,1,1,1,1,1,1,9,8
137,p.A203T,CPOX,1,0,1,3.91,-3.917,-3.52,0.700837864,0.949,29.3,AF_LT_001,undetermined,1,1,0,1,1,1,1,1,1,0,8,8
138,p.D233G,CPOX,0,0.64,7,0.61,-3.107,-3.05,0.499541686,0.612,29.7,NA,undetermined,0,0,1,0,1,1,0,1,1,1,6,5
139,p.A293T,CPOX,1,0.01,9,1.84,-2.733,-3.27,0.658600804,0.806,29.1,AF_LT_001,undetermined,1,1,1,0,1,1,1,1,1,0,8,8
140,p.G308V,CPOX,0.997,1,9,3.195,-2.772,-3.14,0.421304847,0.774,25.3,NA,undetermined,1,0,1,0,1,1,0,1,1,1,7,6
141,p.H327R,CPOX,0.999,0,1,4.685,-7.467,-3.61,0.786897106,0.937,26.3,NA,undetermined,1,1,0,1,1,1,1,1,1,1,9,8
142,p.R391W,CPOX,1,NA,NA,4.665,-7.733,NA,NA,0.925,32,NA,undetermined,1,0,1,1,1,0,1,1,1,1,8,7
143,p.R401W,CPOX,1,NA,NA,4.665,-7.722,NA,NA,0.948,27.8,NA,undetermined,1,0,1,1,1,0,1,1,1,1,8,7
144,p.K404E,CPOX,0.999,0.05,NA,3.615,-3.861,-3.21,0.622357482,0.942,28.6,AF_LT_001,undetermined,1,0,1,1,1,1,1,1,1,0,8,8
146,p.R447C,CPOX,1,0.05,NA,2.965,-5.89,-3.15,0.570158278,0.856,29.5,AF_LT_001,undetermined,1,0,1,0,1,1,1,1,1,0,7,7
147,p.L68F,HMBS,1,0,9,3.2,-3.7,-7.32,0.710161865,0.728,27.5,NA,undetermined,1,1,1,0,1,1,1,1,1,1,9,8
148,p.V143M,HMBS,0.87,0,8,2.565,-1.957,-6.94,0.708771701,0.747,26.2,NA,undetermined,0,1,1,0,0,1,1,1,1,1,7,6
149,p.R175Q,HMBS,0.053,0.12,8,1.96,-1.316,-6.4,0.627753328,0.42,23,NA,undetermined,0,0,1,0,0,1,1,0,0,1,4,3
150,p.R355Q,HMBS,1,0.01,NA,2.485,-1.826,-7.14,0.671723613,0.851,32,AF_LT_001,undetermined,1,1,1,0,0,1,1,1,1,0,7,7
154,p.R22C,HMBS,1,0,7,3.58,-6.236,-6.63,0.752931025,0.891,33,NA,undetermined,1,1,1,1,1,1,1,1,1,1,10,9
155,p.G24D,HMBS,1,0,5,4.25,-6.123,-6.99,0.771044423,0.962,31,NA,undetermined,1,1,0,1,1,1,1,1,1,1,9,8
156,p.G24S,HMBS,1,0,5,3.555,-5.241,-6.93,0.715113344,0.971,33,NA,pathogenic,1,1,0,1,1,1,1,1,1,1,9,8
157,p.R26C,HMBS,1,0,7,4.47,-7.034,-7.94,0.802380375,0.918,32,AF_LT_001,undetermined,1,1,1,1,1,1,1,1,1,0,9,9
158,p.R26H,HMBS,1,0,7,4.47,-4.391,-7.92,0.801998997,0.97,32,NA,pathogenic,1,1,1,1,1,1,1,1,1,1,10,9
159,p.R26L,HMBS,0.999,0,7,4.47,-6.153,-7.91,0.781596346,0.97,32,NA,undetermined,1,1,1,1,1,1,1,1,1,1,10,9
160,p.S28N,HMBS,0.978,0,9,4.47,-2.726,-7.49,0.794052311,0.923,25.6,NA,pathogenic,1,1,1,1,1,1,1,1,1,1,10,9
161,p.Q29H,HMBS,0.96,0,7,2.515,-3.58,-6.45,0.681762082,0.894,36,NA,undetermined,1,1,1,0,1,1,1,1,1,1,9,8
163,p.L30R,HMBS,1,0,1,4.465,-5.525,-7.52,0.79391407,0.989,29.8,NA,undetermined,1,1,0,1,1,1,1,1,1,1,9,8
164,p.L30I,HMBS,1,0,1,4.115,-1.842,-7.38,0.791579268,0.882,26.9,NA,undetermined,1,1,0,1,0,1,1,1,1,1,8,7
165,p.L30F,HMBS,1,0,1,4.465,-3.684,-7.45,0.79272238,0.882,29.3,NA,undetermined,1,1,0,1,1,1,1,1,1,1,9,8
166,p.L30P,HMBS,1,0,1,4.465,-6.446,-7.52,0.773448632,0.989,29.7,NA,pathogenic,1,1,0,1,1,1,1,1,1,1,9,8
167,p.A31P,HMBS,1,0,1,4.455,-4.604,-7.48,0.793263929,0.985,28,NA,undetermined,1,1,0,1,1,1,1,1,1,1,9,8
168,p.A31T,HMBS,1,0,1,4.455,-3.684,-7.44,0.792580236,0.985,28.5,NA,undetermined,1,1,0,1,1,1,1,1,1,1,9,8
169,p.A31V,HMBS,1,0,1,4.455,-3.684,-7.45,0.79272238,0.978,28.4,NA,undetermined,1,1,0,1,1,1,1,1,1,1,9,8
170,p.R32P,HMBS,1,0,1,1.87,-2.305,-6.39,0.666037709,0.885,32,AF_LT_001,undetermined,1,1,0,0,0,1,1,1,1,0,6,6
171,p.Q34R,HMBS,1,0,3,4.47,-3.684,-7.27,0.791002547,0.996,27.2,NA,undetermined,1,1,0,1,1,1,1,1,1,1,9,8
172,p.Q34K,HMBS,1,0,3,4.47,-3.684,-7.25,0.769808489,0.972,27.7,NA,undetermined,1,1,0,1,1,1,1,1,1,1,9,8
173,p.Q34P,HMBS,1,0,3,4.47,-5.525,-7.32,0.791825463,0.996,27.7,NA,undetermined,1,1,0,1,1,1,1,1,1,1,9,8
175,p.T35M,HMBS,1,0,1,3.925,-5.525,-6.59,0.744946017,0.965,29.8,AF_LT_001,pathogenic,1,1,0,1,1,1,1,1,1,0,8,8
176,p.L42S,HMBS,1,0,4,4.37,-5.525,-7.33,0.750789342,0.991,27,NA,undetermined,1,1,0,1,1,1,1,1,1,1,9,8
181,p.A55S,HMBS,0.923,0.02,8,0.31,0.314,-6.38,0.617594346,0.491,25.2,NA,undetermined,1,1,1,0,0,1,1,0,1,1,7,6
182,p.T58N,HMBS,1,0,3,3.89,-4.625,-7.09,0.75244542,0.829,29.5,NA,undetermined,1,1,0,1,1,1,1,1,1,1,9,8
183,p.T59I,HMBS,0.119,0.11,5,1.275,-1.161,-6.45,0.627160473,0.579,23,AF_LT_001,undetermined,0,0,0,0,0,1,1,1,0,0,3,3
184,p.G60R,HMBS,1,0,7,4.465,-7.4,-8.13,0.785734512,0.953,33,NA,undetermined,1,1,1,1,1,1,1,1,1,1,10,9
185,p.D61N,HMBS,1,0,1,4.47,-4.625,-7.61,0.796712576,0.83,31,NA,undetermined,1,1,0,1,1,1,1,1,1,1,9,8
186,p.D61H,HMBS,1,0,1,4.47,-6.475,-7.65,0.797423419,0.83,31,NA,undetermined,1,1,0,1,1,1,1,1,1,1,9,8
187,p.D61Y,HMBS,1,0,1,4.47,-8.326,-7.66,0.797610501,0.83,32,NA,undetermined,1,1,0,1,1,1,1,1,1,1,9,8
189,p.F77L,HMBS,1,0,1,4.41,-5.559,-7.3,0.788275524,0.892,25.7,NA,undetermined,1,1,0,1,1,1,1,1,1,1,9,8
190,p.T78P,HMBS,1,0,7,4.08,-5.559,-6.62,0.754946335,0.972,25.8,NA,undetermined,1,1,1,1,1,1,1,1,1,1,10,9
191,p.E80G,HMBS,1,0,6,3.71,-6.018,-7.01,0.725971929,0.954,33,NA,undetermined,1,1,1,1,1,1,1,1,1,1,10,9
192,p.L81P,HMBS,1,0,9,4.2,-6.485,-7.07,0.774038505,0.965,27.2,NA,undetermined,1,1,1,1,1,1,1,1,1,1,10,9
193,p.L85R,HMBS,1,0,6,4.3,-4.961,-7.27,0.781981613,0.953,28.3,NA,undetermined,1,1,1,1,1,1,1,1,1,1,10,9
194,p.E86V,HMBS,0.996,0.02,5,1.09,-1.474,-6.28,0.61201672,0.711,27.7,AF_LT_001,undetermined,1,1,0,0,0,1,1,1,1,0,6,6
195,p.V90G,HMBS,1,0,2,3.205,-6.07,-6.58,0.692679798,0.974,29,NA,undetermined,1,1,0,0,1,1,1,1,1,1,8,7
196,p.L92P,HMBS,1,0,6,3.38,-5.123,-6.73,0.735425477,0.981,28.4,NA,undetermined,1,1,1,0,1,1,1,1,1,1,9,8
197,p.V93D,HMBS,1,0,9,2.865,-5.202,-6.54,0.690619707,0.985,29.5,NA,undetermined,1,1,1,0,1,1,1,1,1,1,9,8
198,p.V93F,HMBS,1,0,9,2.865,-3.499,-6.53,0.690389309,0.66,31,NA,undetermined,1,1,1,0,1,1,1,1,1,1,9,8
199,p.S96F,HMBS,1,0,9,4.455,-5.556,-7.4,0.792298159,0.964,31,NA,pathogenic,1,1,1,1,1,1,1,1,1,1,10,9
200,p.K98R,HMBS,1,0,8,4.47,-2.779,-7.49,0.774666193,0.959,32,NA,undetermined,1,1,1,1,1,1,1,1,1,1,10,9
201,p.K98E,HMBS,1,0,8,4.47,-3.706,-7.54,0.795774813,0.924,26.4,NA,undetermined,1,1,1,1,1,1,1,1,1,1,10,9
202,p.D99N,HMBS,1,0,6,4.47,-4.549,-7.61,0.796960055,0.801,32,NA,undetermined,1,1,1,1,1,1,1,1,1,1,10,9
203,p.D99G,HMBS,1,0,6,4.47,-6.502,-7.63,0.797321564,0.982,32,NA,undetermined,1,1,1,1,1,1,1,1,1,1,10,9
204,p.D99H,HMBS,1,0,6,4.47,-6.485,-7.65,0.777301951,0.801,32,NA,undetermined,1,1,1,1,1,1,1,1,1,1,10,9
205,p.L100P,HMBS,0.996,0,9,3.605,-5.931,-6.68,0.730053702,0.952,31,NA,undetermined,1,1,1,1,1,1,1,1,1,1,10,9
206,p.G111R,HMBS,1,0,6,3.3,-6.256,-6.51,0.708830132,0.965,33,NA,pathogenic,1,1,1,0,1,1,1,1,1,1,9,8
208,p.A112D,HMBS,1,0,3,3.74,-4.6,-6.68,0.759179841,0.934,27.7,NA,undetermined,1,1,0,1,1,1,1,1,1,1,9,8
209,p.A112P,HMBS,1,0,3,3.28,-3.809,-6.68,0.689190774,0.742,32,NA,undetermined,1,1,0,0,1,1,1,1,1,1,8,7
210,p.I113T,HMBS,0.571,0,5,2.055,-3.828,-6.74,0.640861425,0.844,25.1,NA,undetermined,0,1,0,0,1,1,1,1,1,1,7,6
212,p.R116Q,HMBS,1,0,5,4.46,-3.706,-7.56,0.77565268,0.953,32,AF_LT_001,undetermined,1,1,0,1,1,1,1,1,1,0,8,8
213,p.R116W,HMBS,1,0,5,4.46,-7.345,-7.6,0.79653497,0.966,32,NA,pathogenic,1,1,0,1,1,1,1,1,1,1,9,8
215,p.N118K,HMBS,0.587,0,5,1.27,-2.899,-6.39,0.652087632,0.616,22,NA,undetermined,0,1,0,0,1,1,1,1,0,1,6,5
216,p.P119L,HMBS,1,0,4,3.94,-9.282,-6.51,0.745761199,0.883,29.4,NA,undetermined,1,1,0,1,1,1,1,1,1,1,9,8
217,p.D121Y,HMBS,1,0,5,4.465,-8.294,-7.66,0.797610501,0.772,33,NA,undetermined,1,1,0,1,1,1,1,1,1,1,9,8
218,p.A122D,HMBS,1,0,2,4.22,-5.359,-6.75,0.759048382,0.95,30,NA,undetermined,1,1,0,1,1,1,1,1,1,1,9,8
219,p.A122G,HMBS,1,0.01,2,3.67,-3.622,-6.74,0.708834501,0.95,31,NA,undetermined,1,1,0,1,1,1,1,1,1,1,9,8
220,p.A122P,HMBS,1,0,2,4.22,-4.352,-6.76,0.759242126,0.847,32,NA,undetermined,1,1,0,1,1,1,1,1,1,1,9,8
221,p.V124D,HMBS,0.996,0,5,4.065,-6.332,-6.99,0.755597497,0.978,29.6,NA,pathogenic,1,1,0,1,1,1,1,1,1,1,9,8
223,p.T145I,HMBS,1,0,4,4.395,-5.572,-7.17,0.764512185,0.863,31,NA,undetermined,1,1,0,1,1,1,1,1,1,1,9,8
224,p.S147P,HMBS,1,0,9,4.115,-4.643,-7.1,0.78441984,0.968,32,NA,undetermined,1,1,1,1,1,1,1,1,1,1,10,9
225,p.R149Q,HMBS,1,0,7,4.125,-3.715,-7.96,0.803348344,0.957,32,NA,pathogenic,1,1,1,1,1,1,1,1,1,1,10,9
226,p.R149L,HMBS,1,0,7,4.47,-6.5,-7.97,0.803512497,0.957,32,NA,pathogenic,1,1,1,1,1,1,1,1,1,1,10,9
227,p.R149P,HMBS,1,0,7,4.47,-6.5,-7.98,0.803703074,0.957,32,NA,undetermined,1,1,1,1,1,1,1,1,1,1,10,9
229,p.L154P,HMBS,1,0,9,4.295,-6.367,-7.14,0.778857149,0.967,27.5,NA,undetermined,1,1,1,1,1,1,1,1,1,1,10,9
231,p.L161P,HMBS,1,0,1,4.32,-6.133,-7.01,0.737597033,0.967,29.2,NA,undetermined,1,1,0,1,1,1,1,1,1,1,9,8
232,p.R167Q,HMBS,1,0,5,4.47,-3.845,-7.56,0.795843834,0.934,34,AF_LT_001,undetermined,1,1,0,1,1,1,1,1,1,0,8,8
233,p.R167W,HMBS,1,0,5,4.47,-7.682,-7.6,0.79653497,0.947,32,AF_LT_001,undetermined,1,1,0,1,1,1,1,1,1,0,8,8
234,p.G168R,HMBS,1,0,9,4.47,-7.717,-8.69,0.816744066,0.974,32,NA,undetermined,1,1,1,1,1,1,1,1,1,1,10,9
236,p.L170P,HMBS,1,0,9,3.64,-6.518,-6.58,0.725368238,0.985,32,NA,undetermined,1,1,1,1,1,1,1,1,1,1,10,9
237,p.R173Q,HMBS,1,0,5,4.47,-3.852,-7.96,0.783188348,0.938,32,NA,undetermined,1,1,0,1,1,1,1,1,1,1,9,8
238,p.R173G,HMBS,1,0,5,4.47,-6.756,-7.97,0.803512497,0.89,24.2,AF_LT_001,undetermined,1,1,0,1,1,1,1,1,0,0,7,7
239,p.R173W,HMBS,1,0,5,4.47,-7.723,-7.99,0.803814846,0.89,25.3,AF_LT_001,undetermined,1,1,0,1,1,1,1,1,1,0,8,8
240,p.L177R,HMBS,1,0,9,4.36,-5.774,-7.26,0.782355281,0.967,32,NA,undetermined,1,1,1,1,1,1,1,1,1,1,10,9
241,p.D178N,HMBS,1,0,5,2.86,-4.541,-6.48,0.658365888,0.861,32,AF_LT_001,undetermined,1,1,0,0,1,1,1,1,1,0,7,7
242,p.D178H,HMBS,1,0,5,3.02,-6.103,-6.52,0.672353543,0.861,32,AF_LT_001,undetermined,1,1,0,0,1,1,1,1,1,0,7,7
246,p.T190I,HMBS,0.023,0.01,2,1.19,-0.192,-6.38,0.596746906,0.516,18.65,NA,undetermined,0,1,0,0,0,1,1,1,0,1,5,4
247,p.G192D,HMBS,1,0,6,4.465,-6.731,-8.12,0.805359096,0.972,30,NA,undetermined,1,1,1,1,1,1,1,1,1,1,10,9
249,p.R195C,HMBS,1,0,6,4.465,-7.715,-7.6,0.79653497,0.937,32,NA,undetermined,1,1,1,1,1,1,1,1,1,1,10,9
250,p.R195H,HMBS,1,0,6,4.465,-4.822,-7.59,0.796394947,0.97,32,NA,undetermined,1,1,1,1,1,1,1,1,1,1,10,9
252,p.R201G,HMBS,1,0.01,1,3.43,-6.724,-6.55,0.68892771,0.86,24.6,NA,undetermined,1,1,0,0,1,1,1,1,0,1,7,6
253,p.R201W,HMBS,1,0,1,3.575,-7.742,-6.59,0.703243674,0.86,26,NA,undetermined,1,1,0,1,1,1,1,1,1,1,9,8
254,p.V202L,HMBS,0.007,0,1,1.2,-1.261,-6.53,0.622469794,0.576,20.3,NA,undetermined,0,1,0,0,0,1,1,1,0,1,5,4
255,p.Q204K,HMBS,0.996,0.05,8,1.39,-2.925,-7.25,0.675753983,0.821,32,NA,undetermined,1,0,1,0,1,1,1,1,1,1,8,7
257,p.E209K,HMBS,0.739,0,1,1.57,-2.648,-6.47,0.633337752,0.856,31,AF_LT_001,undetermined,0,1,0,0,1,1,1,1,1,0,6,6
259,p.M212R,HMBS,0.229,0,9,1.75,-4.281,-6.41,0.637224196,0.922,31,NA,undetermined,0,1,1,0,1,1,1,1,1,1,8,7
260,p.M212V,HMBS,0.051,0,9,-0.07,-1.912,-6.28,0.567050185,0.421,21.8,NA,undetermined,0,1,1,0,0,1,1,0,0,1,5,4
262,p.V215E,HMBS,0.997,0.01,9,4.115,-5.832,-6.63,0.750202136,0.971,29.2,NA,undetermined,1,1,1,1,1,1,1,1,1,1,10,9
263,p.V215M,HMBS,0.99,0,9,2.595,-2.842,-6.6,0.662619194,0.965,32,NA,undetermined,1,1,1,0,1,1,1,1,1,1,9,8
264,p.G216D,HMBS,0.98,0,1,4.32,-6.104,-6.92,0.771692531,0.972,25.9,NA,undetermined,1,1,0,1,1,1,1,1,1,1,9,8
265,p.Q217R,HMBS,1,0,7,4.47,-3.888,-7.27,0.788623709,0.985,33,NA,undetermined,1,1,1,1,1,1,1,1,1,1,10,9
266,p.Q217H,HMBS,1,0,7,4.47,-4.86,-7.32,0.789451495,0.979,37,NA,pathogenic,1,1,1,1,1,1,1,1,1,1,10,9
267,p.Q217H,HMBS,1,0,7,4.47,-4.86,-7.32,0.789451495,0.979,37,NA,pathogenic,1,1,1,1,1,1,1,1,1,1,10,9
268,p.Q217L,HMBS,1,0,7,4.47,-6.804,-7.3,0.78913054,0.985,34,NA,undetermined,1,1,1,1,1,1,1,1,1,1,10,9
270,p.G218R,HMBS,1,0,4,4.455,-7.168,-8.66,0.813083534,0.985,33,NA,undetermined,1,1,0,1,1,1,1,1,1,1,9,8
271,p.G218W,HMBS,1,0,4,4.455,-7.168,-8.67,0.813270801,0.985,34,NA,undetermined,1,1,0,1,1,1,1,1,1,1,9,8
272,p.A219D,HMBS,0.998,0,9,4.35,-5.476,-6.8,0.749419783,0.984,29.9,NA,undetermined,1,1,1,1,1,1,1,1,1,1,10,9
273,p.A219P,HMBS,0.999,0,9,4.35,-4.563,-6.81,0.77126864,0.93,29.5,NA,undetermined,1,1,1,1,1,1,1,1,1,1,10,9
274,p.G221D,HMBS,0.629,0,3,3.605,-3.666,-6.67,0.726142957,0.795,22.9,NA,undetermined,0,1,0,1,1,1,1,1,0,1,7,6
275,p.V222M,HMBS,0.982,0,9,2.965,-2.388,-6.87,0.677522741,0.869,25.7,NA,undetermined,1,1,1,0,0,1,1,1,1,1,8,7
276,p.E223K,HMBS,0.984,0,3,4.39,-3.651,-6.78,0.771012551,0.964,32,AF_LT_001,undetermined,1,1,0,1,1,1,1,1,1,0,8,8
277,p.V224E,HMBS,0.824,0,9,2.475,-3.443,-6.55,0.691026941,0.955,31,NA,undetermined,0,1,1,0,1,1,1,1,1,1,8,7
278,p.R225Q,HMBS,0.997,0,9,3.715,-3.417,-6.84,0.734411548,0.915,32,AF_LT_001,undetermined,1,1,1,1,1,1,1,1,1,0,9,9
279,p.R225G,HMBS,0.988,0,9,3.915,-6.055,-6.89,0.714080847,0.954,26.1,AF_LT_001,undetermined,1,1,1,1,1,1,1,1,1,0,9,9
281,p.D230Y,HMBS,0.004,0.07,9,1.255,-2.075,-6.45,0.641619392,0.459,22.8,NA,undetermined,0,0,1,0,0,1,1,0,0,1,4,3
282,p.L234P,HMBS,0.998,0,4,3.795,-5.148,-6.76,0.701628351,0.953,29.9,NA,undetermined,1,1,0,1,1,1,1,1,1,1,9,8
283,p.V235E,HMBS,0.97,0,5,2.665,-4.373,-6.51,0.694812096,0.977,29,NA,pathogenic,1,1,0,0,1,1,1,1,1,1,8,7
284,p.G236S,HMBS,0,0.42,1,-1.88,1.796,-6.34,0.448328051,0.504,19.16,NA,undetermined,0,0,0,0,0,1,0,1,0,1,3,2
285,p.L238R,HMBS,0.998,0,2,4.51,-4.985,-7.43,0.771129575,0.981,29.4,NA,undetermined,1,1,0,1,1,1,1,1,1,1,9,8
286,p.L238P,HMBS,1,0,2,4.51,-5.754,-7.44,0.771312114,0.981,29.5,NA,undetermined,1,1,0,1,1,1,1,1,1,1,9,8
287,p.D240G,HMBS,0.381,0.02,3,3.835,-3.584,-5.5,0.72884891,0.929,23.7,NA,undetermined,0,1,0,1,1,1,1,1,0,1,7,6
288,p.P241S,HMBS,0.004,0.4,1,1.165,-1.899,-5.15,0.58109639,0.625,21.4,NA,undetermined,0,0,0,0,0,1,1,1,0,1,4,3
289,p.L244R,HMBS,0.808,0.57,3,0.27,-1.73,-5.13,0.577937901,0.751,23.8,NA,undetermined,0,0,0,0,0,1,1,1,0,1,4,3
290,p.L244P,HMBS,0.002,0.13,3,1.24,-2.24,-5.24,0.580849942,0.751,23.2,NA,undetermined,0,0,0,0,0,1,1,1,0,1,4,3
291,p.L245R,HMBS,0.998,0.15,6,2.395,-3.338,-5.03,0.591168336,0.89,25.9,NA,undetermined,1,0,1,0,1,1,1,1,1,1,8,7
292,p.C247R,HMBS,0.998,0,3,3.925,-8.652,-4.89,0.680151234,0.955,29.7,NA,pathogenic,1,1,0,1,1,1,1,1,1,1,9,8
293,p.C247F,HMBS,0.992,0,3,3.925,-7.625,-4.88,0.680175869,0.901,31,NA,undetermined,1,1,0,1,1,1,1,1,1,1,9,8
295,p.E250A,HMBS,0.992,0,7,4.825,-5.359,-8.18,0.781463867,0.973,29.4,NA,pathogenic,1,1,1,1,1,1,1,1,1,1,10,9
296,p.E250D,HMBS,0.996,0,7,4.825,-2.68,-8.15,0.780894183,0.898,25.2,NA,undetermined,1,1,1,1,1,1,1,1,1,1,10,9
297,p.E250Q,HMBS,0.917,0,7,3.93,-2.68,-8.18,0.742361907,0.964,29.3,NA,pathogenic,1,1,1,1,1,1,1,1,1,1,10,9
298,p.E250K,HMBS,0.992,0,7,4.825,-3.573,-8.18,0.781463867,0.964,32,NA,undetermined,1,1,1,1,1,1,1,1,1,1,10,9
299,p.E250V,HMBS,0.998,0,7,4.825,-6.252,-8.19,0.78165831,0.973,33,NA,pathogenic,1,1,1,1,1,1,1,1,1,1,10,9
300,p.R251S,HMBS,0.86,0,1,4.135,-5.359,-6.43,0.706066927,0.765,23.3,NA,undetermined,0,1,0,1,1,1,1,1,0,1,7,6
301,p.A252P,HMBS,0.904,0,4,4.575,-2.945,-5.13,0.71543873,0.793,28,NA,undetermined,0,1,0,1,1,1,1,1,1,1,8,7
302,p.A252T,HMBS,0.4,0,4,2.575,-1.758,-4.97,0.605379628,0.793,25,NA,undetermined,0,1,0,0,0,1,1,1,1,1,6,5
303,p.A252V,HMBS,0.107,0,4,2.76,-2.943,-5.12,0.609589606,0.914,26.3,NA,undetermined,0,1,0,0,1,1,1,1,1,1,7,6
304,p.L254P,HMBS,0.994,0.02,3,4.4,-5.714,-5.35,0.717440489,0.942,32,AF_LT_001,undetermined,1,1,0,1,1,1,1,1,1,0,8,8
305,p.H256N,HMBS,0.546,0.02,6,2.42,-0.212,-4.69,0.581494164,0.567,22.7,NA,undetermined,0,1,1,0,0,1,1,1,0,1,6,5
306,p.H256Y,HMBS,0.947,0.12,6,1.38,-1.166,-4.7,0.55796396,0.567,29.6,NA,benign,1,0,1,0,0,1,1,1,1,1,7,6
307,p.E258G,HMBS,1,0,1,1.98,-1.418,-4.95,0.586485174,0.942,31,NA,undetermined,1,1,0,0,0,1,1,1,1,1,7,6
308,p.G260D,HMBS,1,0,7,3.765,-6.657,-6.17,0.682912181,0.983,31,NA,undetermined,1,1,1,1,1,1,1,1,1,1,10,9
309,p.C261Y,HMBS,1,0,5,4.855,-9.794,-10.01,0.823819185,0.963,32,NA,undetermined,1,1,0,1,1,1,1,1,1,1,9,8
310,p.V267M,HMBS,1,0.04,1,4.13,-2.651,-5.06,0.701994886,0.931,31,NA,pathogenic,1,1,0,1,1,1,1,1,1,1,9,8
311,p.T269R,HMBS,0.993,0,3,3.825,-4.156,-4.88,0.676729017,0.93,29.5,NA,undetermined,1,1,0,1,1,1,1,1,1,1,9,8
312,p.T269I,HMBS,0.997,0,3,3.825,-4.277,-4.89,0.65245693,0.93,32,NA,undetermined,1,1,0,1,1,1,1,1,1,1,9,8
313,p.T269P,HMBS,0.997,0,3,3.825,-4.156,-4.88,0.676729017,0.969,27.2,NA,undetermined,1,1,0,1,1,1,1,1,1,1,9,8
314,p.A270D,HMBS,0.067,0.54,4,0.08,-0.086,-4.68,0.505975286,0.551,17.34,NA,undetermined,0,0,0,0,0,1,1,1,0,1,4,3
315,p.A270G,HMBS,0.125,0.33,4,1.15,-1.513,-4.74,0.564529579,0.551,24.2,NA,undetermined,0,0,0,0,0,1,1,1,0,1,4,3
316,p.G274R,HMBS,0.975,0.02,7,2.205,-2.059,-5.27,0.615195528,0.835,27.5,NA,undetermined,1,1,1,0,0,1,1,1,1,1,8,7
318,p.L276R,HMBS,1,0,6,4.3,-5.04,-5.35,0.6954842,0.975,32,NA,undetermined,1,1,1,1,1,1,1,1,1,1,10,9
320,p.L278P,HMBS,1,0,5,4.655,-6.288,-5.84,0.739498607,0.963,30,NA,undetermined,1,1,0,1,1,1,1,1,1,1,9,8
321,p.G280R,HMBS,1,0,9,4.595,-6.972,-5.4,0.729998568,0.982,32,NA,undetermined,1,1,1,1,1,1,1,1,1,1,10,9
322,p.G280E,HMBS,1,0,9,4.595,-7.141,-5.4,0.729998568,0.982,31,NA,undetermined,1,1,1,1,1,1,1,1,1,1,10,9
331,p.R321H,HMBS,0.01,0.19,9,1.01,-0.821,-6.99,0.621052963,0.563,15.74,AF=0.00169627,undetermined,0,0,1,0,0,1,1,1,0,0,4,4
334,p.A330P,HMBS,0.974,0.04,1,2.28,-1.378,-7.05,0.659093914,0.555,24.3,NA,undetermined,1,1,0,0,0,1,1,1,0,1,6,5
335,p.A331V,HMBS,0.995,0,9,2.465,-2.95,-5.34,0.62290723,0.954,29.1,AF_LT_001,undetermined,1,1,1,0,1,1,1,1,1,0,8,8
336,p.G335D,HMBS,1,0,3,2.485,-5.689,-6.34,0.654711477,0.97,26.7,NA,undetermined,1,1,0,0,1,1,1,1,1,1,8,7
337,p.G335S,HMBS,1,0,3,2.485,-4.87,-6.29,0.653462593,0.948,24.7,NA,undetermined,1,1,0,0,1,1,1,1,0,1,7,6
338,p.L338R,HMBS,1,0,7,2.465,-4.89,-5.47,0.632190172,0.978,26.2,NA,undetermined,1,1,1,0,1,1,1,1,1,1,9,8
339,p.L338P,HMBS,1,0,7,2.465,-5.451,-5.48,0.632445309,0.978,26.2,NA,undetermined,1,1,1,0,1,1,1,1,1,1,9,8
340,p.L343P,HMBS,1,0,4,2.44,-3.709,-5.41,0.625086237,0.939,26.4,NA,undetermined,1,1,0,0,1,1,1,1,1,1,8,7
341,p.A347P,HMBS,1,0,NA,2.485,-4.036,-5.45,0.631717387,0.915,31,NA,undetermined,1,1,1,0,1,1,1,1,1,1,9,8
342,p.D359N,HMBS,0.979,0.01,NA,2.14,-1.513,-7.05,0.662102113,0.669,26,AF_LT_001,undetermined,1,1,1,0,0,1,1,1,1,0,7,7
343,p.G24A,HMBS,1,1,5,1.63,-5.236,-6.61,0.637698512,0.962,25.5,NA,undetermined,1,0,0,0,1,1,1,1,1,1,7,6
344,p.M1I,HMBS,0.915,0,5,,-0.377,-6.86,0.648330804,0.696,24.8,NA,pathogenic,1,1,0,0,0,1,1,1,0,1,6,5
345,p.R167Q,HMBS,1,0,9,4.62,-3.845,-7.56,0.795843834,0.934,34,AF_LT_001,pathogenic,1,1,1,1,1,1,1,1,1,0,9,9
346,p.R167W,HMBS,1,,9,4.62,-7.682,-7.6,0.79653497,0.947,32,AF_LT_001,pathogenic,1,1,1,1,1,1,1,1,1,0,9,9
347,p.R195C,HMBS,1,0,9,4.62,-7.715,-7.6,0.79653497,0.937,32,NA,pathogenic,1,1,1,1,1,1,1,1,1,1,10,9
348,p.A252V,HMBS,0.107,0,5,2.21,-2.943,-5.12,0.609589606,0.914,26.3,NA,pathogenic,0,1,0,0,1,1,1,1,1,1,7,6
349,p.A331V,HMBS,0.995,0,8,2.38,-2.95,-5.34,0.62290723,0.954,29.1,AF_LT_001,pathogenic,1,1,1,0,1,1,1,1,1,0,8,8
350,p.T59I,HMBS,0.119,0.11,5,1.5,-1.161,-6.45,0.627160473,0.579,23,AF_LT_001,benign,0,0,0,0,0,1,1,1,0,0,3,3
351,p.D230Y,HMBS,0.004,0.07,1,2.135,-2.075,-6.45,0.641619392,0.459,22.8,NA,benign,0,0,0,0,0,1,1,0,0,1,3,2
352,p.D359N,HMBS,0.979,0.01,7,2.25,-1.513,-7.05,0.662102113,0.669,26,AF_LT_001,benign,1,1,1,0,0,1,1,1,1,0,7,7
353,p.E86V,HMBS,0.996,0.02,4,1.165,-1.474,-6.28,0.61201672,0.711,27.7,AF_LT_001,benign,1,1,0,0,0,1,1,1,1,0,6,6
354,p.R225Q,HMBS,0.997,0,7,3.815,-3.417,-6.84,0.734411548,0.915,32,AF_LT_001,benign,1,1,1,1,1,1,1,1,1,0,9,9
355,p.R321H,HMBS,0.01,0.19,6,0.895,-0.821,-6.99,0.621052963,0.563,15.74,AF=0.00169627,benign,0,0,1,0,0,1,1,1,0,0,4,4
356,p.L161P,HMBS,1,0,6,3.815,-6.133,-7.01,0.737597033,0.967,29.2,NA,pathogenic,1,1,1,1,1,1,1,1,1,1,10,9
357,p.R251S,HMBS,0.86,0,9,3.485,-5.359,-6.43,0.706066927,0.765,23.3,NA,pathogenic,0,1,1,0,1,1,1,1,0,1,7,6
358,p.A122P,HMBS,1,0,7,4.235,-4.352,-6.76,0.759242126,0.847,32,NA,pathogenic,1,1,1,1,1,1,1,1,1,1,10,9
359,p.N118K,HMBS,0.587,0,7,2.475,-2.899,-6.39,0.652087632,0.616,22,NA,pathogenic,0,1,1,0,1,1,1,1,0,1,7,6
360,p.G3V,HMBS,0.099,0.01,7,1.15,-0.677,-6.97,0.631056138,0.331,22.2,NA,benign,0,1,1,0,0,1,1,0,0,1,5,4
361,p.R164G,HMBS,0.064,0,2,1.81,-3.279,-6.44,0.633403518,0.614,25,AF_LT_001,benign,0,1,0,0,1,1,1,1,1,0,6,6
362,p.I71T,HMBS,1,0,6,2.82,-4.265,-6.8,0.677438947,0.943,26.8,NA,benign,1,1,1,0,1,1,1,1,1,1,9,8
363,p.G72R,HMBS,1,0,8,4.01,-7.411,-6.72,0.744735046,0.938,33,AF_LT_001,benign,1,1,1,1,1,1,1,1,1,0,9,9
364,p.G221S,HMBS,0.412,0,7,2.76,-1.737,-6.59,0.669726352,0.798,25.3,AF_LT_001,benign,0,1,1,0,0,1,1,1,1,0,6,6
365,p.I54L,HMBS,0.023,0.2,4,-0.355,-1.237,-6.33,0.534742917,0.468,17.01,AF_LT_001,benign,0,0,0,0,0,1,1,0,0,0,2,2
366,p.G274A,HMBS,0.503,0.02,1,1.73,-2.021,-5.27,0.596918263,0.692,22.6,NA,benign,0,1,0,0,0,1,1,1,0,1,5,4
367,p.V282L,HMBS,1,0,7,2.285,-2.846,-5.2,0.614961511,0.841,31,AF_LT_001,benign,1,1,1,0,1,1,1,1,1,0,8,8
368,p.K115Q,HMBS,0.081,,3,1.505,-1.623,-6.51,0.629048078,0.555,27.1,NA,benign,0,1,0,0,0,1,1,1,1,1,6,5
369,p.G111A,HMBS,1,,5,0.685,-4.144,-6.36,0.594290968,0.922,26.6,NA,benign,1,1,0,0,1,1,1,1,1,1,8,7
370,p.A297S,HMBS,0.007,0.27,3,0.09,-0.271,-4.74,0.519788062,0.394,18.05,NA,benign,0,0,0,0,0,1,1,0,0,1,3,2
371,p.R321C,HMBS,0.024,0.15,6,0.205,-1.056,-7.01,0.584793391,0.465,21.8,AF_LT_001,benign,0,0,1,0,0,1,1,0,0,0,3,3
372,p.D273G,HMBS,0.034,1,1,0.58,-2.099,-5.05,0.553444631,0.793,25.9,NA,benign,0,0,0,0,0,1,1,1,1,1,5,4
373,p.A9E,HMBS,0.041,0.08,7,-0.345,-0.435,-7.02,0.551700173,0.456,14.67,AF_LT_001,benign,0,0,1,0,0,1,1,0,0,0,3,3
374,p.P309S,HMBS,0.849,0.02,2,1.445,-1.435,-6.91,0.639266319,0.613,22.6,AF_LT_001,benign,0,1,0,0,0,1,1,1,0,0,4,4
375,p.T10M,HMBS,0.173,0.08,7,0.69,-0.307,-7.02,0.611983552,0.383,19.71,AF_LT_001,benign,0,0,1,0,0,1,1,0,0,0,3,3
376,p.R355W,HMBS,1,0,6,2.47,-4.89,-7.23,0.674151119,0.818,32,NA,benign,1,1,1,0,1,1,1,1,1,1,9,8
377,p.R22C,HMBS,1,0,5,4.165,-6.236,-6.63,0.752931025,0.891,33,NA,benign,1,1,0,1,1,1,1,1,1,1,9,8
378,p.R164S,HMBS,0.001,0.03,2,1.295,-1.449,-6.38,0.619035751,0.527,24,NA,benign,0,1,0,0,0,1,1,1,0,1,5,4
379,p.P159L,HMBS,0.999,0,7,2.785,-8.551,-6.87,0.677522741,0.866,26.1,AF_LT_001,benign,1,1,1,0,1,1,1,1,1,0,8,8
380,p.I205M,HMBS,0.824,0.11,1,2.415,-1.875,-6.46,0.651637888,0.577,22.9,AF_LT_001,benign,0,0,0,0,0,1,1,1,0,0,3,3
381,p.E242K,HMBS,0.929,0.09,1,1.53,-2.124,-5.19,0.591443138,0.659,24.2,AF_LT_001,benign,1,0,0,0,0,1,1,1,0,0,4,4
382,p.P127A,HMBS,0.649,0.41,1,1.29,-2.427,-6.36,0.618337412,0.664,22.9,NA,benign,0,0,0,0,0,1,1,1,0,1,4,3
383,p.T10K,HMBS,0.026,0.08,7,0.345,-0.856,-6.93,0.591048699,0.383,19.71,AF_LT_001,benign,0,0,1,0,0,1,1,0,0,0,3,3
384,p.P127Q,HMBS,0.999,0.62,1,1.69,-1.962,-6.37,0.62912454,0.596,25.8,AF_LT_001,benign,1,0,0,0,0,1,1,1,1,0,5,5
385,p.K132N,HMBS,0.002,0.17,1,1.715,-2.705,-6.5,0.633615002,0.419,22.5,AF_LT_001,benign,0,0,0,0,1,1,1,0,0,0,3,3
386,p.S45L,HMBS,0,1,1,-1.585,1.885,-6.27,0.461575032,0.476,35,AF_LT_001,benign,0,0,0,0,0,1,0,0,1,0,2,2
387,p.R325Q,HMBS,0.004,0.08,3,0.41,-0.089,-6.93,0.594006413,0.441,22.2,NA,benign,0,0,0,0,0,1,1,0,0,1,3,2
388,p.Q296R,HMBS,0.97,0.31,2,1.095,-1.64,-4.74,0.567754078,0.874,24.7,NA,benign,1,0,0,0,0,1,1,1,0,1,5,4
389,p.D65H,HMBS,1,0,6,2.865,-5.359,-6.6,0.674989086,0.753,31,NA,benign,1,1,1,0,1,1,1,1,1,1,9,8
390,p.H256Q,HMBS,0.038,0.1,2,0.48,-0.065,-4.66,0.538729449,0.442,15.18,NA,benign,0,0,0,0,0,1,1,0,0,1,3,2
391,p.H120N,HMBS,0.73,0.05,6,0.71,-1.689,-6.35,0.59493791,0.42,22.8,NA,benign,0,0,1,0,0,1,1,0,0,1,4,3
392,p.S262N,HMBS,1,0,7,2.58,-2.153,-4.92,0.625497994,0.85,29.9,NA,benign,1,1,1,0,0,1,1,1,1,1,8,7
393,p.R32C,HMBS,1,0,6,2.785,-1.388,-6.39,0.666037709,0.888,32,AF_LT_001,benign,1,1,1,0,0,1,1,1,1,0,7,7
394,p.R355Q,HMBS,1,0.01,6,2.47,-1.826,-7.14,0.671723613,0.851,32,AF_LT_001,benign,1,1,1,0,0,1,1,1,1,0,7,7
395,p.K348R,HMBS,0.005,0.9,3,1.5,-1.034,-5.18,0.590539056,0.792,22.6,NA,benign,0,0,0,0,0,1,1,1,0,1,4,3
396,p.E86K,HMBS,0.998,0.01,4,1.805,-1.159,-6.38,0.631430794,0.799,25.2,AF_LT_001,benign,1,1,0,0,0,1,1,1,1,0,6,6
397,p.E12A,HMBS,0.044,0.06,2,0.805,-0.458,-7,0.616898307,0.441,29.3,AF_LT_001,benign,0,0,0,0,0,1,1,0,1,0,3,3
398,p.R246H,HMBS,0.986,0,1,2.93,-3.648,-4.81,0.646579567,0.893,32,AF_LT_001,benign,1,1,0,0,1,1,1,1,1,0,7,7
399,p.V237M,HMBS,0.008,0.01,1,2.005,-0.542,-6.45,0.638053952,0.48,23.2,NA,benign,0,1,0,0,0,1,1,0,0,1,4,3
400,p.R246C,HMBS,0.01,0.26,1,0.59,-5.752,-4.71,0.54558126,0.528,22.9,AF_LT_001,benign,0,0,0,0,1,1,1,1,0,0,4,4
401,p.G3S,HMBS,0.008,0.25,7,1.15,-0.155,-6.92,0.629652632,0.317,22.1,NA,benign,0,0,1,0,0,1,1,0,0,1,4,3