Chr,Start,End,Ref,Alt,Func.refGeneWithVer,Gene.refGeneWithVer,GeneDetail.refGeneWithVer,ExonicFunc.refGeneWithVer,AAChange.refGeneWithVer,SIFT4G_score,Polyphen2_HVAR_score,MutationAssessor_score,FATHMM_score,PROVEAN_score,REVEL_score,BayesDel_noAF_score,AlphaMissense_score,CADD_phred,,,,,,
11,118960419,118960419,A,C,exonic,HMBS,,nonsynonymous SNV,"HMBS:NM_000190.4:exon6:c.A293C:p.K98T,HMBS:NM_001024382.2:exon6:c.A242C:p.K81T,HMBS:NM_001258208.1:exon6:c.A293C:p.K98T,HMBS:NM_001258209.1:exon6:c.A242C:p.K81T",0,1,4.47,-7.57,-5.54,0.959,0.601234,0.994,29.6,,100%,,,,
11,118960765,118960765,T,G,exonic,HMBS,,nonsynonymous SNV,"HMBS:NM_000190.4:exon7:c.T410G:p.L137R,HMBS:NM_001024382.2:exon7:c.T359G:p.L120R,HMBS:NM_001258208.1:exon7:c.T410G:p.L137R,HMBS:NM_001258209.1:exon7:c.T359G:p.L120R",0,0.998,4.385,-6.82,-5.54,0.963,0.608662,0.973,27.9,,89%,,,,
1,161137895,161137895,C,A,exonic,PPOX,,nonsynonymous SNV,"PPOX:NM_001365400.1:exon4:c.C22A:p.P8T,PPOX:NM_000309.5:exon5:c.C449A:p.A150D,PPOX:NM_001122764.3:exon5:c.C449A:p.A150D,PPOX:NM_001350129.2:exon5:c.C22A:p.P8T,PPOX:NM_001365398.1:exon5:c.C449A:p.A150D,PPOX:NM_001365399.1:exon5:c.C449A:p.A150D",0.022,0.365,.,-3.95,-2.45,0.707,0.234149,0.982,25.6,,33%,,,,
3,98304463,98304463,G,A,exonic,CPOX,,nonsynonymous SNV,CPOX:NM_000097.7:exon5:c.C994T:p.R332W,0,1,4.695,-4.54,-7.73,0.945,0.527526,0.867,25.8,,78%,,,,
18,55226438,55226438,T,C,exonic,FECH,,nonsynonymous SNV,"FECH:NM_000140.4:exon7:c.T743G:p.F248C,FECH:NM_001012515.3:exon7:c.T761G:p.F254C,FECH:NM_001371095.1:exon8:c.T527G:p.F176C",0.001,1,1.88,-4.44,-6.66,0.862,0.335998,0.953,27.6,,56%,,,,
1,45479420,45479420,G,C,exonic,UROD,,nonsynonymous SNV,UROD:NM_000374.5:exon5:c.G431C:p.R144P,0.026,0.501,2.725,-3.43,-3.41,0.749,0.198102,0.759,20.3,,33%,,adjusted_cutoffs <- list(,,
10,127505020,127505020,C,G,exonic,UROS,,nonsynonymous SNV,"UROS:NM_000375.3:exon2:c.G49C:p.D17H,UROS:NM_001324036.2:exon2:c.G49C:p.D17H,UROS:NM_001324037.2:exon2:c.G49C:p.D17H,UROS:NM_001324038.2:exon2:c.G49C:p.D17H,UROS:NM_001324039.1:exon2:c.G49C:p.D17H",0.001,1,3.405,-3.34,-5.58,0.841,0.405343,0.952,27.7,,67%,,  AlphaMissense_score = 0.76,     # Adjusted cut-off for AlphaMissense,
,,,Ref,Alt,Func.refGeneWithVer,Gene.refGeneWithVer,GeneDetail.refGeneWithVer,ExonicFunc.refGeneWithVer,AAChange.refGeneWithVer,SIFT4G_score,Polyphen2_HVAR_score,MutationAssessor_score,FATHMM_score,PROVEAN_score,REVEL_score,BayesDel_noAF_score,AlphaMissense_score,CADD_phred,,,,  BayesDel_addAF_score_0.07 = 0.44, # Adjusted cut-off for BayesDel,
,,,A,C,exonic,HMBS,,nonsynonymous SNV,"HMBS:NM_000190.4:exon6:c.A293C:p.K98T,HMBS:NM_001024382.2:exon6:c.A242C:p.K81T,HMBS:NM_001258208.1:exon6:c.A293C:p.K98T,HMBS:NM_001258209.1:exon6:c.A242C:p.K81T",0,1,4.47,-7.57,-5.54,0.959,0.601234,0.994,29.6,,100%,,  REVEL = 0.9,                    # Adjusted cut-off for REVEL,
,,,T,G,exonic,HMBS,,nonsynonymous SNV,"HMBS:NM_000190.4:exon7:c.T410G:p.L137R,HMBS:NM_001024382.2:exon7:c.T359G:p.L120R,HMBS:NM_001258208.1:exon7:c.T410G:p.L137R,HMBS:NM_001258209.1:exon7:c.T359G:p.L120R",0,0.998,4.385,-6.82,-5.54,0.963,0.608662,0.973,27.9,,100%,,  SIFT = 0.03,                    # Adjusted cut-off for SIFT,
,,,C,A,exonic,PPOX,,nonsynonymous SNV,"PPOX:NM_001365400.1:exon4:c.C22A:p.P8T,PPOX:NM_000309.5:exon5:c.C449A:p.A150D,PPOX:NM_001122764.3:exon5:c.C449A:p.A150D,PPOX:NM_001350129.2:exon5:c.C22A:p.P8T,PPOX:NM_001365398.1:exon5:c.C449A:p.A150D,PPOX:NM_001365399.1:exon5:c.C449A:p.A150D",0.022,0.365,.,-3.95,-2.45,0.707,0.234149,0.982,25.6,,75%,,  MA = 2.54,                      # Adjusted cut-off for MA,
,,,G,A,exonic,CPOX,,nonsynonymous SNV,CPOX:NM_000097.7:exon5:c.C994T:p.R332W,0,1,4.695,-4.54,-7.73,0.945,0.527526,0.867,25.8,,100%,,  Consensus_Score = 50      ,,
,,,T,C,exonic,FECH,,nonsynonymous SNV,"FECH:NM_000140.4:exon7:c.T743G:p.F248C,FECH:NM_001012515.3:exon7:c.T761G:p.F254C,FECH:NM_001371095.1:exon8:c.T527G:p.F176C",0.001,1,1.88,-4.44,-6.66,0.862,0.335998,0.953,27.6,,89%,,,,
,,# Define the thresholds for each predictor,G,C,exonic,UROD,,nonsynonymous SNV,UROD:NM_000374.5:exon5:c.G431C:p.R144P,0.026,0.501,2.725,-3.43,-3.41,0.749,0.198102,0.759,20.3,,67%,,,,
,,thresholds <- c(,C,G,exonic,UROS,,nonsynonymous SNV,"UROS:NM_000375.3:exon2:c.G49C:p.D17H,UROS:NM_001324036.2:exon2:c.G49C:p.D17H,UROS:NM_001324037.2:exon2:c.G49C:p.D17H,UROS:NM_001324038.2:exon2:c.G49C:p.D17H,UROS:NM_001324039.1:exon2:c.G49C:p.D17H",0.001,1,3.405,-3.34,-5.58,0.841,0.405343,0.952,27.7,,89%,,,,
,,  PP2 = 0.908,  # Threshold for PolyPhen-2,,,,,,,,,,,,,,,,Gene,Phenotype,Predictor Consensus,,Missense ,ACMG classification
,,  SIFT = 0.05,  # Threshold for SIFT,,,,,,,,,,,,,,,,,,Default,Adjusted,variant,
,,  Consurf = 7,  # Threshold for Consurf,,,,,,,,,,,,,,,,HMBS,AIP,100%,100%,p.K98T,Likley Pathogenic
,,  MA = 3.5,  # Threshold for MutationAssessor (MA),,,,,,,,,,,,,,,,HMBS,AIP,100%,89%,p.L137R,Uncertain signficicance
,,  PROVEAN = -2.5,  # Threshold for PROVEAN,,,,,,,,,,,,,,,,PPOX,VP,75%,33%,p.A150D,Uncertain signficicance
,,  FATHMM = -2.0,  # Threshold for FATHMM,,,,,,,,,,,,,,,,CPOX,HCP,100%,78%,p.R332W,Likley Pathogenic
,,  REVEL = 0.7,  # Threshold for REVEL,,,,,,,,,,,,,,,,FECH,EPP,89%,56%,p.F248C,Uncertain signficicance
,,  CADD = 25,  # Threshold for CADD (PHRED score),,,,,,,,,,,,,,$PP2,,UROD,fPCT,67%,33%,p.R144P,Likley Pathogenic
,,  AlphaMissense_score = 0.5,  # Threshold for AlphaMissense,,,,,,,,,,,,,,[1] 0.987,,UROS,CEP,89%,67%,p.D17H,Likley Pathogenic
,,  #DiscovEHR = 1,  # DiscovEHR is treated as 1 if not NA, 0 if NA,,,,,,,,,,,,,,,,,,,,
,,  BayesDel_addAF_score_0.07 = 0.07  # Threshold for BayesDel_addAF,,,,,,,,,,,,,,,$SIFT,,,,,,,
,,),,,,,,,,,,,,,,,[1] 0.03,,,,,,,
,,,,,,,,,,,,,,,,,,,,,,,,
,,,,,,,,,,,,,,,,,$Consurf,,,,,,,
,,,,,,,,,,,,,,,,,[1] 7.5,,,,,,,
,,,,,,,,,,,,,,,,,,,,,,,,
,,,,,,,,,,,,,,,,,$MA,,,,,,,
,,,,,,,,,,,,,,,,,[1] 2.5425,,,,,,,
,,,,,,,,,,,,,,,,,,,,,,,,
,,,,,,,,,,,,,,,,,$PROVEAN,,,,,,,
,,,,,,,,,,,,,,,,,[1] -2.195,,,,,,,
,,,,,,,,,,,,,,,,,,,,,,,,
,,,,,,,,,,,,,,,,,$FATHMM,,,,,,,
,,,,,,,,,,,,,,,,,[1] -7.24,,,,,,,
,,,,,,,,,,,,,,,,,,,,,,,,
,,,,,,,,,,,,,,,,,$REVEL,,,,,,,
,,,,,,,,,,,,,,,,,[1] 0.901,,,,,,,
,,,,,,,,,,,,,,,,,,,,,,,,
,,,,,,,,,,,,,,,,,$CADD,,,,,,,
,,,,,,,,,,,,,,,,,[1] 27.35,,,,,,,
,,,,,,,,,,,,,,,,,,,,,,,,
,,,,,,,,,,,,,,,,,$AlphaMissense_score,,,,,,,
,,,,,,,,,,,,,,,,,[1] 0.761,,,,,,,
,,,,,,,,,,,,,,,,,,,,,,,,
,,,,,,,,,,,,,,,,,$BayesDel_addAF_score_0.07,,,,,,,
,,,,,,,,,,,,,,,,,[1] 0.442201,,,,,,,
,,,,,,,,,,,,,,,,,,,,,,,,
,,,,,,,,,,,,,,,,,$Consensus_Score,,,,,,,
,,,,,,,,,,,,,,,,,[1] 78.88889,,,,,,,
